{
  "check": 1935.4702800910422,
  "nike": 593.3524722584027,
  "new": 454.559172998528,
  "trump": 349.3048469068863,
  "love": 312.27713703117405,
  "right": 266.9477353376548,
  "day": 260.8276886603841,
  "black": 242.43146753425634,
  "amazon": 230.16582963651587,
  "buy": 227.32376822671975,
  "vintage": 215.49055155315997,
  "set": 190.33853718799077,
  "size": 169.47240483421487,
  "shoes": 166.3838598594341,
  "pixel": 158.48087011568984,
  "man": 151.33356826845653,
  "deal": 147.25785841437312,
  "disney": 142.28839239396356,
  "ill": 129.98902284346934,
  "donate": 126.3715448196164,
  "october": 125.37161876392332,
  "free": 123.3351935731733,
  "said": 119.84692554655227,
  "red": 114.44295836690134,
  "hand": 112.39327337060496,
  "card": 110.17976876489601,
  "glass": 109.4891935967447,
  "american": 107.34480476810927,
  "silver": 105.47848572248786,
  "saw": 104.42114814676769,
  "google": 103.63131046647428,
  "face": 103.18261256991568,
  "kaepernick": 102.42390819795924,
  "campaign": 101.33980163981789,
  "wont": 99.52391781046708,
  "happen": 99.45528507394403,
  "old": 99.181611044381,
  "video": 93.29863971072076,
  "na": 93.21981920502797,
  "brand": 91.39668171001541,
  "america": 91.3042809019807,
  "little": 90.99278105155011,
  "design": 90.32463689504178,
  "make": 89.2334161229656,
  "oil": 88.24554151937286,
  "st": 86.34740474522117,
  "art": 84.44904821029397,
  "instead": 84.28333374646166,
  "racist": 83.32030337963569,
  "fraud": 80.48783720672158
}