ann_ret,ann_vol,sharpe,max_dd,t_stat,p_value
27.673889985988914,1.0446439855329848,26.491216499819792,0.9455325378559092,2.4909028581678787,0.01415693666007747
