{
  "topic_0": {
    "trump": 349.4608731382266,
    "google": 323.4661268226412,
    "want": 307.3077104293053,
    "help": 304.43452027241625,
    "need": 280.317917530058,
    "nike": 271.1660369907291,
    "says": 270.4255011479377,
    "right": 269.3982062612475,
    "dear": 217.29464811699646,
    "facebook": 207.40251995768816,
    "thats": 202.39281058215505,
    "live": 202.3626877126649,
    "best": 190.1624893589688,
    "money": 182.0631132044114,
    "work": 181.3556826673168,
    "twitter": 165.46371562241495,
    "pixel": 158.48077265455504,
    "service": 157.32542145127175,
    "day": 155.65653660407585,
    "win": 144.2720969265271,
    "company": 137.3109855998442,
    "business": 136.2642415224184,
    "data": 131.4473557137353,
    "getting": 129.34668563523576,
    "china": 126.58110253907333,
    "october": 125.42772336019323,
    "world": 122.99849163976704,
    "products": 122.39550282020146,
    "said": 120.3658952709229,
    "sure": 116.42318631482314,
    "believe": 114.41164196826631,
    "ill": 106.41283865574229,
    "join": 104.3311908863406,
    "customer": 102.43203846036863,
    "kaepernick": 102.40470595731215,
    "making": 102.23324441303926,
    "wont": 101.58317852176859,
    "tweet": 101.24767287204708,
    "happen": 99.48850144909633,
    "campaign": 98.31799070056216,
    "days": 97.32091527075927,
    "yall": 93.39296633655977,
    "na": 93.36812269885918,
    "ai": 91.46416488240949,
    "amazing": 91.16381294234881,
    "america": 91.13070591389697,
    "team": 90.01253202315085,
    "lol": 89.37502272355702,
    "working": 89.3339815309512,
    "million": 89.31699383228579
  },
  "topic_1": {
    "check": 1935.4768470199456,
    "new": 968.2224356578328,
    "iphone": 361.46547567744926,
    "nike": 322.8339630092515,
    "apple": 313.37924009993617,
    "love": 312.2784808390623,
    "great": 277.05327481144195,
    "amazon": 267.4093265528718,
    "black": 242.4302639649736,
    "free": 227.31047514462998,
    "buy": 227.1734436651841,
    "vintage": 215.49209128027653,
    "set": 190.3522335756728,
    "shoes": 166.2126410237329,
    "day": 143.34346339590462,
    "disney": 142.34613711693157,
    "life": 128.2186522679853,
    "donate": 126.29474016770739,
    "netflix": 120.22657218593874,
    "red": 114.41439393437102,
    "hand": 112.42199128927336,
    "let": 110.9730660308302,
    "available": 110.37698329462614,
    "card": 110.2412642838231,
    "glass": 109.49220891227041,
    "wow": 107.20562050273395,
    "silver": 105.49083215879999,
    "st": 105.2901798737603,
    "saw": 104.42896907357306,
    "coffee": 101.3705490496234,
    "face": 101.23194748604597,
    "brand": 100.24793448552201,
    "open": 99.1419927742924,
    "max": 97.47717979645994,
    "maybe": 95.87601283757202,
    "video": 94.09585691659322,
    "man": 93.54660093150879,
    "design": 90.38549506387567,
    "yeah": 87.87696309041824,
    "deal": 85.98198409321665,
    "art": 84.45900541463578,
    "racist": 83.30610473199746,
    "instead": 82.50550714262921,
    "ebay": 82.46701355809752,
    "actually": 81.12076169003409,
    "sale": 80.43238261601257,
    "appleevent": 80.39751839989452,
    "customers": 80.33198993986382,
    "nfl": 80.17988710790763,
    "green": 79.45620701961988
  }
}