{
  "check": 1935.4768470199456,
  "new": 968.2224356578328,
  "iphone": 361.46547567744926,
  "nike": 322.8339630092515,
  "apple": 313.37924009993617,
  "love": 312.2784808390623,
  "great": 277.05327481144195,
  "amazon": 267.4093265528718,
  "black": 242.4302639649736,
  "free": 227.31047514462998,
  "buy": 227.1734436651841,
  "vintage": 215.49209128027653,
  "set": 190.3522335756728,
  "shoes": 166.2126410237329,
  "day": 143.34346339590462,
  "disney": 142.34613711693157,
  "life": 128.2186522679853,
  "donate": 126.29474016770739,
  "netflix": 120.22657218593874,
  "red": 114.41439393437102,
  "hand": 112.42199128927336,
  "let": 110.9730660308302,
  "available": 110.37698329462614,
  "card": 110.2412642838231,
  "glass": 109.49220891227041,
  "wow": 107.20562050273395,
  "silver": 105.49083215879999,
  "st": 105.2901798737603,
  "saw": 104.42896907357306,
  "coffee": 101.3705490496234,
  "face": 101.23194748604597,
  "brand": 100.24793448552201,
  "open": 99.1419927742924,
  "max": 97.47717979645994,
  "maybe": 95.87601283757202,
  "video": 94.09585691659322,
  "man": 93.54660093150879,
  "design": 90.38549506387567,
  "yeah": 87.87696309041824,
  "deal": 85.98198409321665,
  "art": 84.45900541463578,
  "racist": 83.30610473199746,
  "instead": 82.50550714262921,
  "ebay": 82.46701355809752,
  "actually": 81.12076169003409,
  "sale": 80.43238261601257,
  "appleevent": 80.39751839989452,
  "customers": 80.33198993986382,
  "nfl": 80.17988710790763,
  "green": 79.45620701961988
}