{
  "trump": 349.4608731382266,
  "google": 323.4661268226412,
  "want": 307.3077104293053,
  "help": 304.43452027241625,
  "need": 280.317917530058,
  "nike": 271.1660369907291,
  "says": 270.4255011479377,
  "right": 269.3982062612475,
  "dear": 217.29464811699646,
  "facebook": 207.40251995768816,
  "thats": 202.39281058215505,
  "live": 202.3626877126649,
  "best": 190.1624893589688,
  "money": 182.0631132044114,
  "work": 181.3556826673168,
  "twitter": 165.46371562241495,
  "pixel": 158.48077265455504,
  "service": 157.32542145127175,
  "day": 155.65653660407585,
  "win": 144.2720969265271,
  "company": 137.3109855998442,
  "business": 136.2642415224184,
  "data": 131.4473557137353,
  "getting": 129.34668563523576,
  "china": 126.58110253907333,
  "october": 125.42772336019323,
  "world": 122.99849163976704,
  "products": 122.39550282020146,
  "said": 120.3658952709229,
  "sure": 116.42318631482314,
  "believe": 114.41164196826631,
  "ill": 106.41283865574229,
  "join": 104.3311908863406,
  "customer": 102.43203846036863,
  "kaepernick": 102.40470595731215,
  "making": 102.23324441303926,
  "wont": 101.58317852176859,
  "tweet": 101.24767287204708,
  "happen": 99.48850144909633,
  "campaign": 98.31799070056216,
  "days": 97.32091527075927,
  "yall": 93.39296633655977,
  "na": 93.36812269885918,
  "ai": 91.46416488240949,
  "amazing": 91.16381294234881,
  "america": 91.13070591389697,
  "team": 90.01253202315085,
  "lol": 89.37502272355702,
  "working": 89.3339815309512,
  "million": 89.31699383228579
}